name,url,city,cuisine,avgRating,numReviews,priceRange,latitude,longitude,telephone,postalCode,streetAddress,addressLocality,addressRegion,openingHoursSpecification,addressString,geoString,ratingString
Panera Bread (2240 Highway 93 N),https://www.ubereats.com/missoula/food-delivery/panera-bread-2240-highway-93-n/1GME55E9S7ODs3-9Ewe2Bw,kalispell-montana,"['Breakfast and Brunch', 'salad', 'Sandwich']",,,$,48.22974,-114.3313935,+14063144120,59901,2240 Highway 93 N,Kalispell,MT,"[{'@type': 'OpeningHoursSpecification', 'dayOfWeek': ['Monday', 'Tuesday', 'Wednesday', 'Thursday', 'Friday', 'Saturday', 'Sunday'], 'opens': '7:0', 'closes': '20:30'}]","{'@type': 'PostalAddress', 'addressLocality': 'Kalispell', 'addressRegion': 'MT', 'postalCode': '59901', 'addressCountry': 'US', 'streetAddress': '2240 Highway 93 N'}","{'@type': 'GeoCoordinates', 'latitude': 48.22974, 'longitude': -114.3313935}",{}
The House of S&M,https://www.ubereats.com/missoula/food-delivery/the-house-of-s%26m/8v7LIqxgSDK2H1qUzi5ziw,kalispell-montana,"['Mexican', 'Latin American', 'New Mexican']",,,$,48.198932,-114.311778,+14063095541,59901,7 1st Ave E,Kalispell,MT,"[{'@type': 'OpeningHoursSpecification', 'dayOfWeek': ['Wednesday', 'Thursday', 'Friday', 'Saturday'], 'opens': '11:0', 'closes': '18:30'}]","{'@type': 'PostalAddress', 'addressLocality': 'Kalispell', 'addressRegion': 'MT', 'postalCode': '59901', 'addressCountry': 'US', 'streetAddress': '7 1st Ave E'}","{'@type': 'GeoCoordinates', 'latitude': 48.198932, 'longitude': -114.311778}",{}
Cold Stone Creamery (110 Hutton Ranch Rd),https://www.ubereats.com/missoula/food-delivery/cold-stone-creamery-110-hutton-ranch-rd/zDtjauRxT0WRIgYOU4phaQ,kalispell-montana,"['Ice Cream and Frozen Yogurt', 'Desserts', 'Cupcakes']",,,$,48.2322096,-114.329979,+14067522653,59901,110 Hutton Ranch Rd Ste 104,Kalispell,MT,"[{'@type': 'OpeningHoursSpecification', 'dayOfWeek': ['Monday', 'Tuesday', 'Wednesday', 'Thursday', 'Friday', 'Saturday', 'Sunday'], 'opens': '11:30', 'closes': '20:30'}]","{'@type': 'PostalAddress', 'addressLocality': 'Kalispell', 'addressRegion': 'MT', 'postalCode': '59901', 'addressCountry': 'US', 'streetAddress': '110 Hutton Ranch Rd Ste 104'}","{'@type': 'GeoCoordinates', 'latitude': 48.2322096, 'longitude': -114.329979}",{}
Rivals Sports Bar,https://www.ubereats.com/missoula/food-delivery/rivals-sports-bar/H84cnhC_QZuSYi1tyE8J3w,kalispell-montana,"['American', 'Breakfast and Brunch', 'Chicken']",,,$,48.1993824,-114.3343713,+14062577472,59901,1250 Highway 2 W,Kalispell,MT,"[{'@type': 'OpeningHoursSpecification', 'dayOfWeek': ['Monday', 'Tuesday', 'Wednesday', 'Thursday', 'Friday', 'Saturday', 'Sunday'], 'opens': '11:0', 'closes': '15:0'}, {'@type': 'OpeningHoursSpecification', 'dayOfWeek': ['Monday', 'Tuesday', 'Wednesday', 'Thursday', 'Friday', 'Saturday', 'Sunday'], 'opens': '11:0', 'closes': '22:0'}]","{'@type': 'PostalAddress', 'addressLocality': 'Kalispell', 'addressRegion': 'MT', 'postalCode': '59901', 'addressCountry': 'US', 'streetAddress': '1250 Highway 2 W'}","{'@type': 'GeoCoordinates', 'latitude': 48.1993824, 'longitude': -114.3343713}",{}
Panda Express (150 Hutton Ranch Rd.),https://www.ubereats.com/missoula/food-delivery/panda-express-150-hutton-ranch-rd/m7iajdUVREymm31f_MbaHQ,kalispell-montana,['Chinese'],4.2,39,$,48.2326213,-114.3281462,+14067520386,59901,150 Hutton Ranch Rd.,Kalispell,MT,"[{'@type': 'OpeningHoursSpecification', 'dayOfWeek': 'Sunday', 'opens': '10:30', 'closes': '21:30'}, {'@type': 'OpeningHoursSpecification', 'dayOfWeek': ['Monday', 'Tuesday', 'Wednesday', 'Thursday'], 'opens': '10:0', 'closes': '21:30'}, {'@type': 'OpeningHoursSpecification', 'dayOfWeek': ['Friday', 'Saturday'], 'opens': '10:0', 'closes': '22:0'}]","{'@type': 'PostalAddress', 'addressLocality': 'Kalispell', 'addressRegion': 'MT', 'postalCode': '59901', 'addressCountry': 'US', 'streetAddress': '150 Hutton Ranch Rd.'}","{'@type': 'GeoCoordinates', 'latitude': 48.2326213, 'longitude': -114.3281462}","{'@type': 'AggregateRating', 'ratingValue': 4.2, 'reviewCount': '39'}"
Hops Downtown Grill,https://www.ubereats.com/missoula/food-delivery/hops-downtown-grill/2rDBpKCWTlSDO046aDeMVQ,kalispell-montana,"['American', 'Wings', 'Burgers', 'Diner', 'Salads', 'Bar Food']",4.4,11,$,48.19740911834334,-114.31333010329833,+14067557687,59901,121 S Main St,Kalispell,MT,"[{'@type': 'OpeningHoursSpecification', 'dayOfWeek': ['Monday', 'Tuesday', 'Wednesday', 'Thursday', 'Friday', 'Saturday', 'Sunday'], 'opens': '17:0', 'closes': '20:30'}]","{'@type': 'PostalAddress', 'addressLocality': 'Kalispell', 'addressRegion': 'MT', 'postalCode': '59901', 'addressCountry': 'US', 'streetAddress': '121 S Main St'}","{'@type': 'GeoCoordinates', 'latitude': 48.19740911834334, 'longitude': -114.31333010329833}","{'@type': 'AggregateRating', 'ratingValue': 4.4, 'reviewCount': '11'}"
Chicas Amigas,https://www.ubereats.com/missoula/food-delivery/chicas-amigas/FGtIDuVpS0-9BsFwgxXq4g,kalispell-montana,"['Mexican', 'Kids Friendly', 'Sandwich']",,,$,48.19489170000001,-114.3103096,+14062105113,59901,409 1st Ave E,Missoula,MT,"[{'@type': 'OpeningHoursSpecification', 'dayOfWeek': ['Monday', 'Tuesday', 'Wednesday', 'Thursday', 'Friday', 'Saturday', 'Sunday'], 'opens': '12:0', 'closes': '20:0'}]","{'@type': 'PostalAddress', 'addressLocality': 'Missoula', 'addressRegion': 'MT', 'postalCode': '59901', 'addressCountry': 'US', 'streetAddress': '409 1st Ave E'}","{'@type': 'GeoCoordinates', 'latitude': 48.19489170000001, 'longitude': -114.3103096}",{}
"Qdoba Mexican Grill (15 Commons Way, Ste 100)",https://www.ubereats.com/missoula/food-delivery/qdoba-mexican-grill-15-commons-way-ste-100/yun1yraCQy2Ew1ieayychA,kalispell-montana,['Mexican'],4.4,22,$,48.2200376,-114.329808,+14067558150,59901,"15 Commons Way, Ste 100",Kalispell,MT,"[{'@type': 'OpeningHoursSpecification', 'dayOfWeek': ['Monday', 'Tuesday', 'Wednesday', 'Thursday', 'Friday', 'Saturday', 'Sunday'], 'opens': '10:30', 'closes': '20:30'}]","{'@type': 'PostalAddress', 'addressLocality': 'Kalispell', 'addressRegion': 'MT', 'postalCode': '59901', 'addressCountry': 'US', 'streetAddress': '15 Commons Way, Ste 100'}","{'@type': 'GeoCoordinates', 'latitude': 48.2200376, 'longitude': -114.329808}","{'@type': 'AggregateRating', 'ratingValue': 4.4, 'reviewCount': '22'}"
Papa John's (335 E. Idaho St),https://www.ubereats.com/missoula/food-delivery/papa-johns-335-e-idaho-st/lpeTCHelTy2x4CkMz0zj6Q,kalispell-montana,"['Pizza', 'Wings', 'Desserts']",,,$$,48.2033324,-114.3097148,+14067527272,59901,335 E Idaho St,Kalispell,MT,"[{'@type': 'OpeningHoursSpecification', 'dayOfWeek': ['Sunday', 'Monday', 'Tuesday', 'Wednesday', 'Thursday'], 'opens': '10:30', 'closes': '23:10'}, {'@type': 'OpeningHoursSpecification', 'dayOfWeek': ['Friday', 'Saturday'], 'opens': '10:30', 'closes': '0:10'}]","{'@type': 'PostalAddress', 'addressLocality': 'Kalispell', 'addressRegion': 'MT', 'postalCode': '59901', 'addressCountry': 'US', 'streetAddress': '335 E Idaho St'}","{'@type': 'GeoCoordinates', 'latitude': 48.2033324, 'longitude': -114.3097148}",{}
Famous Dave's (2340 US Highway 93 North),https://www.ubereats.com/missoula/food-delivery/famous-daves-2340-us-highway-93-north/SNmenwayQ868RLPeij55hw,kalispell-montana,"['American', 'BBQ', 'Burgers']",3.9,13,$$,48.2354925,-114.3313436,+14067527427,59901,2340 Highway 93 North,Kalispell,MT,"[{'@type': 'OpeningHoursSpecification', 'dayOfWeek': ['Sunday', 'Monday'], 'opens': '11:0', 'closes': '20:0'}, {'@type': 'OpeningHoursSpecification', 'dayOfWeek': 'Tuesday', 'opens': '11:0', 'closes': '20:0'}, {'@type': 'OpeningHoursSpecification', 'dayOfWeek': 'Tuesday', 'opens': '11:0', 'closes': '20:0'}, {'@type': 'OpeningHoursSpecification', 'dayOfWeek': ['Wednesday', 'Thursday'], 'opens': '11:0', 'closes': '20:0'}, {'@type': 'OpeningHoursSpecification', 'dayOfWeek': ['Friday', 'Saturday'], 'opens': '11:0', 'closes': '21:0'}]","{'@type': 'PostalAddress', 'addressLocality': 'Kalispell', 'addressRegion': 'MT', 'postalCode': '59901', 'addressCountry': 'US', 'streetAddress': '2340 Highway 93 North'}","{'@type': 'GeoCoordinates', 'latitude': 48.2354925, 'longitude': -114.3313436}","{'@type': 'AggregateRating', 'ratingValue': 3.9, 'reviewCount': '13'}"
Buffalo Wild Wings (Kalispell),https://www.ubereats.com/missoula/food-delivery/buffalo-wild-wings-kalispell/LvS7c5lzR7OlHM72kjhfNA,kalispell-montana,"['American', 'Chicken', 'Wings']",4.1,12,$$,48.2337777,-114.3299778,+14064077500,59901,115 HUTTON RANCH ROAD,Kalispell,MT,"[{'@type': 'OpeningHoursSpecification', 'dayOfWeek': ['Monday', 'Tuesday', 'Wednesday', 'Thursday', 'Friday', 'Saturday', 'Sunday'], 'opens': '17:0', 'closes': '22:0'}]","{'@type': 'PostalAddress', 'addressLocality': 'Kalispell', 'addressRegion': 'MT', 'postalCode': '59901', 'addressCountry': 'US', 'streetAddress': '115 HUTTON RANCH ROAD'}","{'@type': 'GeoCoordinates', 'latitude': 48.2337777, 'longitude': -114.3299778}","{'@type': 'AggregateRating', 'ratingValue': 4.1, 'reviewCount': '12'}"
Applebee's (2322 US Hwy 93 N),https://www.ubereats.com/missoula/food-delivery/applebees-2322-us-hwy-93-n/nF-7s65CT4K0_KKTKhsl-Q,kalispell-montana,"['American', 'Bar Food', 'BBQ', 'burger', 'Chicken Strips', 'Comfort Food', 'Dinner', 'pasta', 'salad', 'Sandwich', 'Soup', 'Steak', 'Traditional American', 'wings']",3.6,18,$$,48.2347592,-114.3311884,+14067555575,59901,2322 Highway 93 N,Kalispell,MT,"[{'@type': 'OpeningHoursSpecification', 'dayOfWeek': ['Monday', 'Tuesday', 'Wednesday', 'Thursday', 'Friday', 'Saturday', 'Sunday'], 'opens': '11:0', 'closes': '22:30'}]","{'@type': 'PostalAddress', 'addressLocality': 'Kalispell', 'addressRegion': 'MT', 'postalCode': '59901', 'addressCountry': 'US', 'streetAddress': '2322 Highway 93 N'}","{'@type': 'GeoCoordinates', 'latitude': 48.2347592, 'longitude': -114.3311884}","{'@type': 'AggregateRating', 'ratingValue': 3.6, 'reviewCount': '18'}"
KnucklHed BBQ,https://www.ubereats.com/missoula/food-delivery/knucklhed-bbq/2-UT2U5-TISbZeilRYIeqQ,kalispell-montana,"['BBQ', 'American', 'Burgers']",,,$,48.19752439999999,-114.3120164,+14068714155,,,,,"[{'@type': 'OpeningHoursSpecification', 'dayOfWeek': 'Tuesday', 'opens': '11:45', 'closes': '20:0'}, {'@type': 'OpeningHoursSpecification', 'dayOfWeek': 'Saturday', 'opens': '11:45', 'closes': '20:0'}]",,"{'@type': 'GeoCoordinates', 'latitude': 48.19752439999999, 'longitude': -114.3120164}",{}
Subway (235 W Idaho St),https://www.ubereats.com/missoula/food-delivery/subway-235-w-idaho-st/1QT_b2NhT9eZ-bTZ1mkB_A,kalispell-montana,"['Fast Food', 'Sandwich', 'American']",,,$,48.2017218,-114.3192766,+14067552424,59901,235 W Idaho St,Kalispell,MT,"[{'@type': 'OpeningHoursSpecification', 'dayOfWeek': 'Sunday', 'opens': '9:0', 'closes': '20:30'}, {'@type': 'OpeningHoursSpecification', 'dayOfWeek': ['Monday', 'Tuesday', 'Wednesday', 'Thursday', 'Friday'], 'opens': '9:0', 'closes': '21:30'}, {'@type': 'OpeningHoursSpecification', 'dayOfWeek': 'Saturday', 'opens': '9:0', 'closes': '20:30'}]","{'@type': 'PostalAddress', 'addressLocality': 'Kalispell', 'addressRegion': 'MT', 'postalCode': '59901', 'addressCountry': 'US', 'streetAddress': '235 W Idaho St'}","{'@type': 'GeoCoordinates', 'latitude': 48.2017218, 'longitude': -114.3192766}",{}
Burger King (205 18th St E),https://www.ubereats.com/missoula/food-delivery/burger-king-205-18th-st-e/TrHmk2sDRqWJJc5iXNYyjA,kalispell-montana,"['American', 'burger', 'Fast Food']",,,$,48.18301839999999,-114.3044439,+14063144014,59901,205 18th St E,Kalispell,MT,"[{'@type': 'OpeningHoursSpecification', 'dayOfWeek': ['Monday', 'Tuesday', 'Wednesday', 'Thursday', 'Friday', 'Saturday', 'Sunday'], 'opens': '7:30', 'closes': '10:29'}, {'@type': 'OpeningHoursSpecification', 'dayOfWeek': ['Monday', 'Tuesday', 'Wednesday', 'Thursday', 'Friday', 'Saturday', 'Sunday'], 'opens': '10:30', 'closes': '21:30'}]","{'@type': 'PostalAddress', 'addressLocality': 'Kalispell', 'addressRegion': 'MT', 'postalCode': '59901', 'addressCountry': 'US', 'streetAddress': '205 18th St E'}","{'@type': 'GeoCoordinates', 'latitude': 48.18301839999999, 'longitude': -114.3044439}",{}
Firehouse Subs (110 Hutton Ranch Rd),https://www.ubereats.com/missoula/food-delivery/firehouse-subs-110-hutton-ranch-rd/7oiahGoxSv25a7IesWbC9A,kalispell-montana,"['Sandwich', 'Deli', 'Kids Friendly']",,,$,48.232173,-114.32992,+14062098410,59901,110 Hutton Ranch Rd 102,Kalispell,MT,"[{'@type': 'OpeningHoursSpecification', 'dayOfWeek': ['Monday', 'Tuesday', 'Wednesday', 'Thursday', 'Friday', 'Saturday', 'Sunday'], 'opens': '10:30', 'closes': '21:0'}]","{'@type': 'PostalAddress', 'addressLocality': 'Kalispell', 'addressRegion': 'MT', 'postalCode': '59901', 'addressCountry': 'US', 'streetAddress': '110 Hutton Ranch Rd 102'}","{'@type': 'GeoCoordinates', 'latitude': 48.232173, 'longitude': -114.32992}",{}
Taco Bell (535 E. Idaho),https://www.ubereats.com/missoula/food-delivery/taco-bell-535-e-idaho/s1B2QsgJRSKqorR6oLcIiQ,kalispell-montana,"['Burritos', 'Fast Food', 'Mexican']",4.3,33,$,48.2037656,-114.3068659,+14067558226,59901,535 E. Idaho,Kalispell,MT,"[{'@type': 'OpeningHoursSpecification', 'dayOfWeek': ['Monday', 'Tuesday', 'Wednesday', 'Thursday', 'Friday', 'Saturday', 'Sunday'], 'opens': '14:0', 'closes': '17:0'}, {'@type': 'OpeningHoursSpecification', 'dayOfWeek': ['Monday', 'Tuesday', 'Wednesday', 'Thursday', 'Friday', 'Saturday', 'Sunday'], 'opens': '9:0', 'closes': '1:30'}, {'@type': 'OpeningHoursSpecification', 'dayOfWeek': ['Monday', 'Tuesday', 'Wednesday', 'Thursday', 'Friday', 'Saturday', 'Sunday'], 'opens': '8:0', 'closes': '10:30'}]","{'@type': 'PostalAddress', 'addressLocality': 'Kalispell', 'addressRegion': 'MT', 'postalCode': '59901', 'addressCountry': 'US', 'streetAddress': '535 E. Idaho'}","{'@type': 'GeoCoordinates', 'latitude': 48.2037656, 'longitude': -114.3068659}","{'@type': 'AggregateRating', 'ratingValue': 4.3, 'reviewCount': '33'}"
MOD Pizza (Kalispell),https://www.ubereats.com/missoula/food-delivery/mod-pizza-kalispell/hnE5h7i8SLWU0m8V-0RGRA,kalispell-montana,"['Pizza', 'Desserts', 'Salads', 'American', 'Healthy', 'Vegetarian Friendly', 'Kids Friendly']",,,$,48.2304219,-114.3313741,+14063005737,59901,2244 Hwy 93 N,Kalispell,MT,"[{'@type': 'OpeningHoursSpecification', 'dayOfWeek': ['Monday', 'Tuesday', 'Wednesday', 'Thursday', 'Friday', 'Saturday', 'Sunday'], 'opens': '11:30', 'closes': '20:10'}]","{'@type': 'PostalAddress', 'addressLocality': 'Kalispell', 'addressRegion': 'MT', 'postalCode': '59901', 'addressCountry': 'US', 'streetAddress': '2244 Hwy 93 N'}","{'@type': 'GeoCoordinates', 'latitude': 48.2304219, 'longitude': -114.3313741}",{}
Five Guys MT-0427 2415 US-93 N,https://www.ubereats.com/missoula/food-delivery/five-guys-mt-0427-2415-us-93-n/mc2EJV-ESwCTc5xgHALa8g,kalispell-montana,"['American', 'Burgers']",4.2,23,$,48.238051,-114.3293214,+14067524567,59901,2415 US-93 N,Kalispell,MT,"[{'@type': 'OpeningHoursSpecification', 'dayOfWeek': ['Monday', 'Tuesday', 'Wednesday', 'Thursday', 'Friday', 'Saturday', 'Sunday'], 'opens': '11:0', 'closes': '21:30'}]","{'@type': 'PostalAddress', 'addressLocality': 'Kalispell', 'addressRegion': 'MT', 'postalCode': '59901', 'addressCountry': 'US', 'streetAddress': '2415 US-93 N'}","{'@type': 'GeoCoordinates', 'latitude': 48.238051, 'longitude': -114.3293214}","{'@type': 'AggregateRating', 'ratingValue': 4.2, 'reviewCount': '23'}"
Applebee's (1200 E. Idaho),https://www.ubereats.com/missoula/food-delivery/applebees-1200-e-idaho/jYVa3YjRSw6j7xUez2xlpQ,kalispell-montana,"['American', 'Bar Food', 'BBQ', 'burger', 'Chicken Strips', 'Comfort Food', 'Dinner', 'pasta', 'salad', 'Sandwich', 'Soup', 'Steak', 'Traditional American', 'wings']",4.0,32,$$,48.2099903,-114.2875108,+14062577117,59901,1200 Highway 2 E,Kalispell,MT,"[{'@type': 'OpeningHoursSpecification', 'dayOfWeek': ['Monday', 'Tuesday', 'Wednesday', 'Thursday', 'Friday', 'Saturday', 'Sunday'], 'opens': '11:0', 'closes': '22:30'}]","{'@type': 'PostalAddress', 'addressLocality': 'Kalispell', 'addressRegion': 'MT', 'postalCode': '59901', 'addressCountry': 'US', 'streetAddress': '1200 Highway 2 E'}","{'@type': 'GeoCoordinates', 'latitude': 48.2099903, 'longitude': -114.2875108}","{'@type': 'AggregateRating', 'ratingValue': 4, 'reviewCount': '32'}"
McDonald's® (2065 HWY 2 E),https://www.ubereats.com/missoula/food-delivery/mcdonalds-2065-hwy-2-e/pSInDjtbS7ium6NgHy1MTA,kalispell-montana,"['American', 'Burgers', 'Fast Food', 'Fast Food']",,,$,48.217487,-114.27656,+14062572065,,,,,"[{'@type': 'OpeningHoursSpecification', 'dayOfWeek': ['Monday', 'Tuesday', 'Wednesday', 'Thursday', 'Friday', 'Saturday', 'Sunday'], 'opens': '6:0', 'closes': '10:29'}, {'@type': 'OpeningHoursSpecification', 'dayOfWeek': ['Monday', 'Tuesday', 'Wednesday', 'Thursday', 'Friday', 'Saturday', 'Sunday'], 'opens': '10:30', 'closes': '16:59'}, {'@type': 'OpeningHoursSpecification', 'dayOfWeek': ['Monday', 'Tuesday', 'Wednesday', 'Thursday', 'Friday', 'Saturday', 'Sunday'], 'opens': '17:0', 'closes': '22:45'}]",,"{'@type': 'GeoCoordinates', 'latitude': 48.217487, 'longitude': -114.27656}",{}
IHOP (2425 US Highway 93 North),https://www.ubereats.com/missoula/food-delivery/ihop-2425-us-highway-93-north/EvdJ7-v1QBq3Ot1EsPvNFw,kalispell-montana,"['American', 'Breakfast and Brunch', 'Burgers', 'Sandwich']",3.1,13,$,48.238559,-114.3292642,+14067525504,59901,2425 Highway 93 North,Kalispell,MT,"[{'@type': 'OpeningHoursSpecification', 'dayOfWeek': ['Sunday', 'Monday', 'Tuesday', 'Wednesday', 'Thursday'], 'opens': '6:0', 'closes': '19:50'}, {'@type': 'OpeningHoursSpecification', 'dayOfWeek': ['Friday', 'Saturday'], 'opens': '6:0', 'closes': '20:5'}]","{'@type': 'PostalAddress', 'addressLocality': 'Kalispell', 'addressRegion': 'MT', 'postalCode': '59901', 'addressCountry': 'US', 'streetAddress': '2425 Highway 93 North'}","{'@type': 'GeoCoordinates', 'latitude': 48.238559, 'longitude': -114.3292642}","{'@type': 'AggregateRating', 'ratingValue': 3.1, 'reviewCount': '13'}"
Sweet Peaks,https://www.ubereats.com/missoula/food-delivery/sweet-peaks/DUDJQNJXRIi2zAkCcdoMIw,kalispell-montana,"['Ice Cream & Frozen Yogurt', 'Comfort Food', 'Desserts']",,,$,48.1950855,-114.3121443,+14062571102,59901,343 S Main St,Kalispell,MT,"[{'@type': 'OpeningHoursSpecification', 'dayOfWeek': ['Monday', 'Tuesday', 'Wednesday', 'Thursday', 'Friday', 'Saturday', 'Sunday'], 'opens': '11:0', 'closes': '22:30'}]","{'@type': 'PostalAddress', 'addressLocality': 'Kalispell', 'addressRegion': 'MT', 'postalCode': '59901', 'addressCountry': 'US', 'streetAddress': '343 S Main St'}","{'@type': 'GeoCoordinates', 'latitude': 48.1950855, 'longitude': -114.3121443}",{}
McDonald's® (1110 HWY 2 W),https://www.ubereats.com/missoula/food-delivery/mcdonalds-1110-hwy-2-w/Cjx6WkquRVeCVMUSDT_edQ,kalispell-montana,"['American', 'Burgers', 'Fast Food']",4.6,15,$,48.199968,-114.332407,+14067557161,59901,1110 HWY 2 W,KALISPELL,MT,"[{'@type': 'OpeningHoursSpecification', 'dayOfWeek': ['Monday', 'Tuesday', 'Wednesday', 'Thursday', 'Friday', 'Saturday', 'Sunday'], 'opens': '6:0', 'closes': '10:29'}, {'@type': 'OpeningHoursSpecification', 'dayOfWeek': ['Monday', 'Tuesday', 'Wednesday', 'Thursday', 'Friday', 'Saturday', 'Sunday'], 'opens': '10:30', 'closes': '16:59'}, {'@type': 'OpeningHoursSpecification', 'dayOfWeek': ['Monday', 'Tuesday', 'Wednesday', 'Thursday', 'Friday', 'Saturday', 'Sunday'], 'opens': '17:0', 'closes': '22:45'}]","{'@type': 'PostalAddress', 'addressLocality': 'KALISPELL', 'addressRegion': 'MT', 'postalCode': '59901', 'addressCountry': 'US', 'streetAddress': '1110 HWY 2 W'}","{'@type': 'GeoCoordinates', 'latitude': 48.199968, 'longitude': -114.332407}","{'@type': 'AggregateRating', 'ratingValue': 4.6, 'reviewCount': '15'}"
"Starbucks (Hwy 93 & Reserve Dr, Kalispell)",https://www.ubereats.com/missoula/food-delivery/starbucks-hwy-93-%26-reserve-dr-kalispell/M68MBwRMT4O-aBCNfEhyeA,kalispell-montana,"['Bakery', 'Breakfast and Brunch', 'Cafe', 'Coffee & Tea']",4.3,21,$,48.2370496,-114.3312997,+14067522330,59901,2356 Hwy 93 N,Kalispell,MT,"[{'@type': 'OpeningHoursSpecification', 'dayOfWeek': 'Sunday', 'opens': '5:30', 'closes': '19:30'}, {'@type': 'OpeningHoursSpecification', 'dayOfWeek': ['Monday', 'Tuesday', 'Wednesday', 'Thursday', 'Friday', 'Saturday'], 'opens': '5:0', 'closes': '20:0'}]","{'@type': 'PostalAddress', 'addressLocality': 'Kalispell', 'addressRegion': 'MT', 'postalCode': '59901', 'addressCountry': 'US', 'streetAddress': '2356 Hwy 93 N'}","{'@type': 'GeoCoordinates', 'latitude': 48.2370496, 'longitude': -114.3312997}","{'@type': 'AggregateRating', 'ratingValue': 4.3, 'reviewCount': '21'}"
Wendy's  (2615 Highway #2 East),https://www.ubereats.com/missoula/food-delivery/wendys-2615-highway-%232-east/pzmf0ieNTiWBcw2_yjmxog,kalispell-montana,"['American', 'Burgers', 'Fast Food']",,,$,48.2411167,-114.275508,+14067563234,59901,2615 Highway #2 East,Kalispell,MT,"[{'@type': 'OpeningHoursSpecification', 'dayOfWeek': ['Sunday', 'Monday', 'Tuesday', 'Wednesday', 'Thursday'], 'opens': '10:30', 'closes': '22:30'}, {'@type': 'OpeningHoursSpecification', 'dayOfWeek': ['Sunday', 'Monday', 'Tuesday', 'Wednesday', 'Thursday'], 'opens': '6:30', 'closes': '10:0'}, {'@type': 'OpeningHoursSpecification', 'dayOfWeek': ['Friday', 'Saturday'], 'opens': '10:30', 'closes': '23:30'}, {'@type': 'OpeningHoursSpecification', 'dayOfWeek': ['Friday', 'Saturday'], 'opens': '6:30', 'closes': '10:0'}]","{'@type': 'PostalAddress', 'addressLocality': 'Kalispell', 'addressRegion': 'MT', 'postalCode': '59901', 'addressCountry': 'US', 'streetAddress': '2615 Highway #2 East'}","{'@type': 'GeoCoordinates', 'latitude': 48.2411167, 'longitude': -114.275508}",{}
Scottibelli's Ristorante Italiano,https://www.ubereats.com/missoula/food-delivery/scottibellis-ristorante-italiano/wrKOnIyMTvaZTyqzv3vpNw,kalispell-montana,"['Italian', 'Pasta', 'Comfort Food']",,,$,48.20311539999999,-114.3155284,+14068907800,59901,302 Main St,Kalispell,MT,"[{'@type': 'OpeningHoursSpecification', 'dayOfWeek': 'Sunday', 'opens': '17:0', 'closes': '21:0'}, {'@type': 'OpeningHoursSpecification', 'dayOfWeek': 'Sunday', 'opens': '17:0', 'closes': '20:0'}, {'@type': 'OpeningHoursSpecification', 'dayOfWeek': ['Monday', 'Tuesday', 'Wednesday', 'Thursday', 'Friday', 'Saturday'], 'opens': '17:0', 'closes': '21:0'}]","{'@type': 'PostalAddress', 'addressLocality': 'Kalispell', 'addressRegion': 'MT', 'postalCode': '59901', 'addressCountry': 'US', 'streetAddress': '302 Main St'}","{'@type': 'GeoCoordinates', 'latitude': 48.20311539999999, 'longitude': -114.3155284}",{}
"Dickey's Barbecue Restaurants, Inc.  (175 Hutton Ranch Road, Suite 115)",https://www.ubereats.com/missoula/food-delivery/dickeys-barbecue-restaurants-inc-175-hutton-ranch-road-suite-115/IKH5oyjpSg6tb2683cWjCA,kalispell-montana,"['BBQ', 'American', 'Wings', 'Sandwich', 'Family Meals']",4.1,12,$$,48.23332509999999,-114.3270335,+14065319899,59901,"175 Hutton Ranch Road, Suite 115",Kalispell,MT,"[{'@type': 'OpeningHoursSpecification', 'dayOfWeek': ['Monday', 'Tuesday', 'Wednesday', 'Thursday', 'Friday', 'Saturday', 'Sunday'], 'opens': '9:30', 'closes': '21:15'}]","{'@type': 'PostalAddress', 'addressLocality': 'Kalispell', 'addressRegion': 'MT', 'postalCode': '59901', 'addressCountry': 'US', 'streetAddress': '175 Hutton Ranch Road, Suite 115'}","{'@type': 'GeoCoordinates', 'latitude': 48.23332509999999, 'longitude': -114.3270335}","{'@type': 'AggregateRating', 'ratingValue': 4.1, 'reviewCount': '12'}"
Bonjour Bakery & Bistro,https://www.ubereats.com/missoula/food-delivery/bonjour-bakery-%26-bistro/_Zje1g3cSIKA2oNtqOGReQ,kalispell-montana,"['European', 'Modern European', 'Seafood']",,,$,48.218714,-114.3291629,+14063092961,59901,45 Heritage Way,Kalispell,MT,"[{'@type': 'OpeningHoursSpecification', 'dayOfWeek': 'Sunday', 'opens': '12:0', 'closes': '14:30'}, {'@type': 'OpeningHoursSpecification', 'dayOfWeek': ['Monday', 'Tuesday', 'Wednesday', 'Thursday', 'Friday', 'Saturday'], 'opens': '11:0', 'closes': '15:0'}]","{'@type': 'PostalAddress', 'addressLocality': 'Kalispell', 'addressRegion': 'MT', 'postalCode': '59901', 'addressCountry': 'US', 'streetAddress': '45 Heritage Way'}","{'@type': 'GeoCoordinates', 'latitude': 48.218714, 'longitude': -114.3291629}",{}
Wendy's  (520 E. Idaho St.),https://www.ubereats.com/missoula/food-delivery/wendys-520-e-idaho-st/hFLdBr-NQl6Ve3sppBltWA,kalispell-montana,"['American', 'Burgers', 'Fast Food']",4.7,17,$,48.2031754,-114.3071075,+14062575839,59901,520 E. Idaho St.,Kalispell,MT,"[{'@type': 'OpeningHoursSpecification', 'dayOfWeek': ['Sunday', 'Monday', 'Tuesday', 'Wednesday', 'Thursday'], 'opens': '10:30', 'closes': '23:30'}, {'@type': 'OpeningHoursSpecification', 'dayOfWeek': ['Sunday', 'Monday', 'Tuesday', 'Wednesday', 'Thursday'], 'opens': '6:30', 'closes': '10:0'}, {'@type': 'OpeningHoursSpecification', 'dayOfWeek': ['Friday', 'Saturday'], 'opens': '10:30', 'closes': '0:30'}, {'@type': 'OpeningHoursSpecification', 'dayOfWeek': ['Friday', 'Saturday'], 'opens': '6:30', 'closes': '10:0'}]","{'@type': 'PostalAddress', 'addressLocality': 'Kalispell', 'addressRegion': 'MT', 'postalCode': '59901', 'addressCountry': 'US', 'streetAddress': '520 E. Idaho St.'}","{'@type': 'GeoCoordinates', 'latitude': 48.2031754, 'longitude': -114.3071075}","{'@type': 'AggregateRating', 'ratingValue': 4.7, 'reviewCount': '17'}"
McDonald's® (2310 US HIGHWAY 93 NORTH),https://www.ubereats.com/missoula/food-delivery/mcdonalds-2310-us-highway-93-north/OsUWoDtwRb6G9Y8oTnRc5g,kalispell-montana,"['American', 'Burgers', 'Fast Food', 'Fast Food']",4.3,10,$,48.233586,-114.331293,+14067550006,59901,2310 HIGHWAY 93 NORTH,KALISPELL,MT,"[{'@type': 'OpeningHoursSpecification', 'dayOfWeek': ['Monday', 'Tuesday', 'Wednesday', 'Thursday', 'Friday', 'Saturday', 'Sunday'], 'opens': '6:0', 'closes': '10:29'}, {'@type': 'OpeningHoursSpecification', 'dayOfWeek': ['Monday', 'Tuesday', 'Wednesday', 'Thursday', 'Friday', 'Saturday', 'Sunday'], 'opens': '10:30', 'closes': '16:59'}, {'@type': 'OpeningHoursSpecification', 'dayOfWeek': ['Monday', 'Tuesday', 'Wednesday', 'Thursday', 'Friday', 'Saturday', 'Sunday'], 'opens': '17:0', 'closes': '22:45'}]","{'@type': 'PostalAddress', 'addressLocality': 'KALISPELL', 'addressRegion': 'MT', 'postalCode': '59901', 'addressCountry': 'US', 'streetAddress': '2310 HIGHWAY 93 NORTH'}","{'@type': 'GeoCoordinates', 'latitude': 48.233586, 'longitude': -114.331293}","{'@type': 'AggregateRating', 'ratingValue': 4.3, 'reviewCount': '10'}"
Subway (2445 Us Highway 93 N Ste 300),https://www.ubereats.com/missoula/food-delivery/subway-2445-us-highway-93-n-ste-300/VPHXl46zQtSmwtrUEP-Q5A,kalispell-montana,"['Fast Food', 'Sandwich', 'American']",,,$,48.2385825,-114.3281492,+14067562219,59901,2445 Highway 93 N Ste 300,Kalispell,MT,"[{'@type': 'OpeningHoursSpecification', 'dayOfWeek': ['Monday', 'Tuesday', 'Wednesday', 'Thursday', 'Friday', 'Saturday', 'Sunday'], 'opens': '9:0', 'closes': '20:30'}]","{'@type': 'PostalAddress', 'addressLocality': 'Kalispell', 'addressRegion': 'MT', 'postalCode': '59901', 'addressCountry': 'US', 'streetAddress': '2445 Highway 93 N Ste 300'}","{'@type': 'GeoCoordinates', 'latitude': 48.2385825, 'longitude': -114.3281492}",{}
Burger King #13158 (1363 US Highway 2 East),https://www.ubereats.com/missoula/food-delivery/burger-king-%2313158-1363-us-highway-2-east/BO_ZX279R5yRGRZ0SBZ9wA,kalispell-montana,"['American', 'burger', 'Fast Food']",,,$,48.2141364,-114.2788238,+14062573945,59901,1363 Highway 2 East,Kalispell,MT,"[{'@type': 'OpeningHoursSpecification', 'dayOfWeek': ['Monday', 'Tuesday', 'Wednesday', 'Thursday', 'Friday', 'Saturday', 'Sunday'], 'opens': '7:30', 'closes': '10:29'}, {'@type': 'OpeningHoursSpecification', 'dayOfWeek': ['Monday', 'Tuesday', 'Wednesday', 'Thursday', 'Friday', 'Saturday', 'Sunday'], 'opens': '10:30', 'closes': '21:30'}]","{'@type': 'PostalAddress', 'addressLocality': 'Kalispell', 'addressRegion': 'MT', 'postalCode': '59901', 'addressCountry': 'US', 'streetAddress': '1363 Highway 2 East'}","{'@type': 'GeoCoordinates', 'latitude': 48.2141364, 'longitude': -114.2788238}",{}
Subway (1420 Mt Highway 35 Ste 100),https://www.ubereats.com/missoula/food-delivery/subway-1420-mt-highway-35-ste-100/wKkdRgeLRe2t02_MQCddIA,kalispell-montana,"['Fast Food', 'Sandwich', 'American']",,,$,48.2145192,-114.2754368,+14067565417,59901,1420 Highway 35 Ste 100,Kalispell,MT,"[{'@type': 'OpeningHoursSpecification', 'dayOfWeek': 'Sunday', 'opens': '11:0', 'closes': '19:0'}, {'@type': 'OpeningHoursSpecification', 'dayOfWeek': ['Monday', 'Tuesday', 'Wednesday', 'Thursday', 'Friday', 'Saturday'], 'opens': '11:0', 'closes': '20:0'}]","{'@type': 'PostalAddress', 'addressLocality': 'Kalispell', 'addressRegion': 'MT', 'postalCode': '59901', 'addressCountry': 'US', 'streetAddress': '1420 Highway 35 Ste 100'}","{'@type': 'GeoCoordinates', 'latitude': 48.2145192, 'longitude': -114.2754368}",{}
